# This is the template file for creating symbols with tragesym						
# every line starting with '#' is a comment line.						
# save it as text file with tab separated cells and start tragesym						
						
[options]						
# wordswap swaps labels if the pin is on the right side an looks like this:						
"# ""PB1 (CLK)"". That's useful for micro controller port labels"						
# rotate_labels rotates the pintext of top and bottom pins						
# this is useful for large symbols like FPGAs with more than 100 pins						
# sort_labels will sort the pins by it's labels						
# useful for address ports, busses, ...						
wordswap	yes					
rotate_labels	yes					
sort_labels	no					
generate_pinseq	yes					
sym_width	2600					
sym_height	4300					
pinwidthvertical	300					
pinwidthhorizontal	300					
[geda_attr]						
# name will be printed in the top of the symbol						
# if you have a device with slots, you'll have to use slot= and slotdef=						
# use comment= if there are special information you want to add						
version	20060113 1					
name	adc10065					
device	adc10065					
refdes	U?					
footprint						
description	ADC					
documentation						
						
numslots	0					
dist-license						
use-license						
						
						
						
						
						
						
						
						
						
[pins]						
# tabseparated list of pin descriptions						
#						
# pinnr is the physical number of the pin						
# seq is the pinseq= attribute, leave it blank if it doesn't matter						
# type can be (in, out, io, oc, oe, pas, tp, tri, clk, pwr)						
# style can be (line,dot,clk,dotclk,none). none if only want to add a net						
# posit. can be (l,r,t,b) or empty for nets						
# net specifies the name of the net. Vcc or GND for example.						
# label represents the pinlabel.						
#	"negation lines can be added with ""\_"" example: \_enable\_ "					
#	"if you want to write a ""\"" use ""\\"" as escape sequence"					
#						
#pinnr	seq	type	style	posit.	net	label
1		io	line	l		CLK
2		pwr	line	l		VddA
3		pwr	line	l		VssA
4		io	line	l		Vcom
5		io	line	l		IRS
6		io	line	l		Vref
7		io	line	l		VrefT
8		io	line	l		VrefB
9		pwr	line	l		VddA
10		pwr	line	l		VddA
11		pwr	line	l		VssA
12		io	line	l		Vin-
13		io	line	l		Vin+
14		pwr	line	l		VssA
28		io	line	r		STBY
27		io	line	r		D0
26		io	line	r		D1
25		io	line	r		D2
24		io	line	r		D3
23		io	line	r		D4
22		pwr	line	r		VddIO
21		pwr	line	r		VssIO
20		io	line	r		D5
19		io	line	r		D6
18		io	line	r		D7
17		io	line	r		D8
16		io	line	r		D9
15		io	line	r		DF
