# This is the template file for creating symbols with tragesym						
# every line starting with '#' is a comment line.						
# save it as text file with tab separated cells and start tragesym						
						
[options]						
# wordswap swaps labels if the pin is on the right side an looks like this:						
"# ""PB1 (CLK)"". That's useful for micro controller port labels"						
# rotate_labels rotates the pintext of top and bottom pins						
# this is useful for large symbols like FPGAs with more than 100 pins						
# sort_labels will sort the pins by it's labels						
# useful for address ports, busses, ...						
wordswap	yes					
rotate_labels	yes					
sort_labels	no					
generate_pinseq	yes					
sym_width	3500					
sym_height	3600					
pinwidthvertical	300					
pinwidthhorizontal	300					
[geda_attr]						
# name will be printed in the top of the symbol						
# if you have a device with slots, you'll have to use slot= and slotdef=						
# use comment= if there are special information you want to add						
version	20060113 1					
name	ax5043					
device	ax5043					
refdes	U?					
footprint						
description	rf transceiver			
documentation						
						
numslots	0					
dist-license						
use-license						
						
						
						
						
						
						
						
						
						
[pins]						
# tabseparated list of pin descriptions						
#						
# pinnr is the physical number of the pin						
# seq is the pinseq= attribute, leave it blank if it doesn't matter						
# type can be (in, out, io, oc, oe, pas, tp, tri, clk, pwr)						
# style can be (line,dot,clk,dotclk,none). none if only want to add a net						
# posit. can be (l,r,t,b) or empty for nets						
# net specifies the name of the net. Vcc or GND for example.						
# label represents the pinlabel.						
#	"negation lines can be added with ""\_"" example: \_enable\_ "					
#	"if you want to write a ""\"" use ""\\"" as escape sequence"					
#						
#pinnr	seq	type	style	posit.	net	label
1		pwr	line	l		VDD_ANA
2		pwr	line	l		GND
3		io	line	l		ANTP
4		io	line	l		ANTN
5		io	line	l		ANTP1
6		pwr	line	l		GND
7		pwr	line	l		VDD_ANA
8		io	line	b		FILT
9		io	line	b		L2
10		io	line	b		L1
11		io	line	b		DATA
12		io	line	b		DCLK
13		io	line	b		SYSCLK
14		io	line	b		SEL
21		io	line	r		ANTSEL
20		io	line	r		PWRAMP
19		io	line	r		IRQ
18		io	line	r		NC
17		io	line	r		MOSI
16		io	line	r		MISO
15		io	line	r		CLK
28		io	line	t		CLK16P
27		io	line	t		CLK16N
26		io	line	t		GPADC2
25		io	line	t		GPADC1
24		io	line	t		NC
23		pwr	line	t		VDD_IO
22		io	line	t		NC
