# This is the template file for creating symbols with tragesym						
# every line starting with '#' is a comment line.						
# save it as text file with tab separated cells and start tragesym						
						
[options]						
# wordswap swaps labels if the pin is on the right side an looks like this:						
"# ""PB1 (CLK)"". That's useful for micro controller port labels"						
# rotate_labels rotates the pintext of top and bottom pins						
# this is useful for large symbols like FPGAs with more than 100 pins						
# sort_labels will sort the pins by it's labels						
# useful for address ports, busses, ...						
wordswap	yes					
rotate_labels	yes					
sort_labels	no					
generate_pinseq	yes					
sym_width	4000					
sym_height	4100					
pinwidthvertical	300					
pinwidthhorizontal	300					
[geda_attr]						
# name will be printed in the top of the symbol						
# if you have a device with slots, you'll have to use slot= and slotdef=						
# use comment= if there are special information you want to add						
version	20060113 1					
name	bq25890					
device	bq25890					
refdes	U?					
footprint						
description	bq25890 5A battery charger					
documentation						
						
numslots	0					
dist-license						
use-license						
						
						
						
						
						
						
						
						
						
[pins]						
# tabseparated list of pin descriptions						
#						
# pinnr is the physical number of the pin						
# seq is the pinseq= attribute, leave it blank if it doesn't matter						
# type can be (in, out, io, oc, oe, pas, tp, tri, clk, pwr)						
# style can be (line,dot,clk,dotclk,none). none if only want to add a net						
# posit. can be (l,r,t,b) or empty for nets						
# net specifies the name of the net. Vcc or GND for example.						
# label represents the pinlabel.						
#	"negation lines can be added with ""\_"" example: \_enable\_ "					
#	"if you want to write a ""\"" use ""\\"" as escape sequence"					
#						
#pinnr	seq	type	style	posit.	net	label
1		pwr	line	l		VBUS
2		io	line	l		D+
3		io	line	l		D-
4		io	line	l		STAT
5		io	line	l		SCL
6		io	line	l		SDA
7		io	line	b		INT
8		io	line	b		OTG
9		io	line	b		CE
10		io	line	b		ILIM
11		io	line	b		TS
12		io	line	b		QON
18		pwr	line	r		PGND
17		pwr	line	r		PGND
16		pwr	line	r		SYS
15		pwr	line	r		SYS
14		pwr	line	r		BAT
13		pwr	line	r		BAT
24		io	line	t		DSEL
23		pwr	line	t		PMID
22		pwr	line	t		REGN
21		pwr	line	t		BTST
20		pwr	line	t		SW
19		pwr	line	t		SW
25		pwr	line	b		PAD
