# This is the template file for creating symbols with tragesym						
# every line starting with '#' is a comment line.						
# save it as text file with tab separated cells and start tragesym						
						
[options]						
# wordswap swaps labels if the pin is on the right side an looks like this:						
"# ""PB1 (CLK)"". That's useful for micro controller port labels"						
# rotate_labels rotates the pintext of top and bottom pins						
# this is useful for large symbols like FPGAs with more than 100 pins						
# sort_labels will sort the pins by it's labels						
# useful for address ports, busses, ...						
wordswap	yes					
rotate_labels	yes					
sort_labels	no					
generate_pinseq	yes					
sym_width	1600					
sym_height	3300					
pinwidthvertical	300					
pinwidthhorizontal	300					
[geda_attr]						
# name will be printed in the top of the symbol						
# if you have a device with slots, you'll have to use slot= and slotdef=						
# use comment= if there are special information you want to add						
version	20060113 1					
name	bq77905					
device	bq77905					
refdes	U?					
footprint						
description	3-5S lithium ion battery protection ic
documentation						
						
numslots	0					
dist-license						
use-license						
						
						
						
						
						
						
						
						
						
[pins]						
# tabseparated list of pin descriptions						
#						
# pinnr is the physical number of the pin						
# seq is the pinseq= attribute, leave it blank if it doesn't matter						
# type can be (in, out, io, oc, oe, pas, tp, tri, clk, pwr)						
# style can be (line,dot,clk,dotclk,none). none if only want to add a net						
# posit. can be (l,r,t,b) or empty for nets						
# net specifies the name of the net. Vcc or GND for example.						
# label represents the pinlabel.						
#	"negation lines can be added with ""\_"" example: \_enable\_ "					
#	"if you want to write a ""\"" use ""\\"" as escape sequence"					
#						
#pinnr	seq	type	style	posit.	net	label
1		pwr	line	l		VDD
2		pwr	line	l		AVDD
3		io	line	l		VC5
4		io	line	l		VC4
5		io	line	l		VC3
6		io	line	l		VC2
7		io	line	l		VC1
8		pwr	line	l		AVSS
9		io	line	l		SRP
10		io	line	l		SRN
20		pwr	line	r		DVSS
19		io	line	r		CTRD
18		io	line	r		CTRC
17		io	line	r		CCFG
16		io	line	r		VTB
15		io	line	r		TS
14		io	line	r		LD
13		io	line	r		CHG
12		io	line	r		CHGU
11		io	line	r		DSG
