# This is the template file for creating symbols with tragesym						
# every line starting with '#' is a comment line.						
# save it as text file with tab separated cells and start tragesym						
						
[options]						
# wordswap swaps labels if the pin is on the right side an looks like this:						
"# ""PB1 (CLK)"". That's useful for micro controller port labels"						
# rotate_labels rotates the pintext of top and bottom pins						
# this is useful for large symbols like FPGAs with more than 100 pins						
# sort_labels will sort the pins by it's labels						
# useful for address ports, busses, ...						
wordswap	yes					
rotate_labels	yes					
sort_labels	no					
generate_pinseq	yes					
sym_width	2800					
sym_height	2900					
pinwidthvertical	300					
pinwidthhorizontal	300					
[geda_attr]						
# name will be printed in the top of the symbol						
# if you have a device with slots, you'll have to use slot= and slotdef=						
# use comment= if there are special information you want to add						
version	20060113 1					
name	qn8007					
device	qn8007					
refdes	U?					
footprint						
description	fm modulator				
documentation						
						
numslots	0					
dist-license						
use-license						
						
						
						
						
						
						
						
						
						
[pins]						
# tabseparated list of pin descriptions						
#						
# pinnr is the physical number of the pin						
# seq is the pinseq= attribute, leave it blank if it doesn't matter						
# type can be (in, out, io, oc, oe, pas, tp, tri, clk, pwr)						
# style can be (line,dot,clk,dotclk,none). none if only want to add a net						
# posit. can be (l,r,t,b) or empty for nets						
# net specifies the name of the net. Vcc or GND for example.						
# label represents the pinlabel.						
#	"negation lines can be added with ""\_"" example: \_enable\_ "					
#	"if you want to write a ""\"" use ""\\"" as escape sequence"					
#						
#pinnr	seq	type	style	posit.	net	label
1		io	line	l		NC
2		io	line	l		NC
3		pwr	line	l		AUGND
4		io	line	l		ALI
5		io	line	l		ARI
6		pwr	line	l		AGND
7		io	line	b		RFI
8		pwr	line	b		RFGND
9		io	line	b		RFO
10		pwr	line	b		VIO
11		io	line	b		CEN
12		io	line	b		MOD
18		io	line	r		XTAL2
17		io	line	r		XTAL1
16		io	line	r		XCLK
15		io	line	r		WS
14		io	line	r		INT
13		io	line	r		MCLK
24		pwr	line	t		VCC
23		io	line	t		SDA
22		io	line	t		SCL
21		io	line	t		SEB
20		io	line	t		DIN
19		pwr	line	t		AGND
25		pwr	line	b		PAD
